<?xml version="1.0" encoding="utf-8" standalone="yes"?>
<channel>
	<id>peliculasdk</id>
	<name>PeliculasDK</name>

	<active>true</active>
	<adult>false</adult>
	<language>es</language>

	<fanart></fanart>
	<thumbnail>http://s29.postimg.org/wzw749oon/pldklog.jpg</thumbnail>
	<bannermenu>http://media.tvalacarta.info/pelisalacarta/bannermenu/peliculasdk.png</bannermenu>

	<update_url>https://raw.githubusercontent.com/tvalacarta/pelisalacarta/master/python/main-classic/channels/</update_url>
	<version>5</version>
	<date>25/04/2016</date>
	<changes>Filtrado contenido xxx, reparada paginación</changes>

	<categories>
		<category>torrent</category>
        <category>movie</category>
        <category>serie</category>
	</categories>

	<settings>
		<include_in_global_search>true</include_in_global_search>
	</settings>
</channel>
