﻿<?xml version="1.0" encoding="utf-8" standalone="yes"?>
<channel>
	<id>pordede</id>
	<name>Pordede</name>

	<active>true</active>
	<adult>false</adult>
	<language>es</language>

	<fanart></fanart>
	<thumbnail>http://media.tvalacarta.info/pelisalacarta/squares/pordede.png</thumbnail>
	<bannermenu>http://media.tvalacarta.info/pelisalacarta/bannermenu/pordede.png</bannermenu>

	<update_url>https://raw.githubusercontent.com/tvalacarta/pelisalacarta/master/python/main-classic/channels/</update_url>
	<version>10</version>
	<date>10/04/2016</date>
	<changes>Fix paginación</changes>

	<categories>
		<category>movie</category>
		<category>serie</category>
	</categories>

	<settings>
		<include_in_global_search>false</include_in_global_search>
	</settings>
</channel>
