<?xml version="1.0" encoding="utf-8" standalone="yes"?>
<channel>
	<id>seriesblanco</id>
	<name>Seriesblanco</name>

	<active>true</active>
	<adult>false</adult>
	<language>es</language>

	<fanart></fanart>
	<thumbnail>http://media.tvalacarta.info/pelisalacarta/squares/seriesblanco.png</thumbnail>
	<bannermenu>http://media.tvalacarta.info/pelisalacarta/bannermenu/seriesblanco.png</bannermenu>

	<update_url>https://raw.githubusercontent.com/tvalacarta/pelisalacarta/master/python/main-classic/channels/</update_url>
	<version>11</version>
	<date>05/04/2016</date>
	<changes>- Cambio de dominio</changes>

	<categories>
		<category>serie</category>
		<category>vos</category>
	</categories>

	<settings>
		<include_in_global_search>true</include_in_global_search>
	</settings>
</channel>
