
<?xml version="1.0" encoding="UTF-8" standalone="yes"?>
<addon id="repository.rp" name="repository.rp official Repo" version="1.1.0" provider-name="ryu05">
	<extension point="xbmc.addon.repository" name="Kodi-RP official Repo">
		<info compressed="false">https://raw.githubusercontent.com/ryu05/RepoNuevo/master/addons.xml</info>
		<checksum>https://raw.githubusercontent.com/ryu05/RepoNuevo/master/addons.xml.md5</checksum>
		<datadir zip="true">https://raw.githubusercontent.com/ryu05/RepoNuevo/master</datadir>
	</extension>
	<extension point="xbmc.addon.metadata">
		<summary>Kodi-RP official Repo</summary>
   		<description lang="en">Instala los Mejores Addons de Kodi RP.</description>
		<disclaimer></disclaimer>
		<platform>all</platform>
	</extension>
</addon>